Campaign,City,Latitude,Longitude,Target Radius SEARCH,Target Radius DEMAND GENERATION,DeliveryStation
G,Belo Horizonte,-20.006481,-43.927457,4,4,DBH5
G,Belo Horizonte,-19.957146,-43.986992,4,4,DBH5
G,Belo Horizonte,-20.00361,-43.847514,4,4,DBH5
G,Belo Horizonte,-19.926019,-43.918988,4,4,DBH5
G,Belo Horizonte,-20.008382,-44.016092,4,4,DBH5
G,Sao Paulo,-23.530948,-46.770656,1,4,DBR9
G,Sao Paulo,-23.509153,-46.811599,1,4,DBR9
G,Sao Paulo,-23.552742,-46.757002,1,4,DBR9
G,Sao Paulo,-23.509149,-46.757015,1,4,DBR9
G,Sao Paulo,-23.530941,-46.74336,1,4,DBR9
G,Sao Paulo,-23.487354,-46.825241,1,4,DBR9
G,Sao Paulo,-23.59634,-46.811609,1,4,DBR9
G,Sao Paulo,-23.552733,-46.7297,1,4,DBR9
G,Sao Paulo,-23.50914,-46.729722,1,4,DBR9
G,Sao Paulo,-23.487348,-46.743377,1,4,DBR9
G,Sao Paulo,-23.509138,-46.866184,1,4,DBR9
G,Sao Paulo,-23.596335,-46.838919,1,4,DBR9
G,Sao Paulo,-23.487347,-46.852528,1,4,DBR9
G,Sao Paulo,-23.53093,-46.716063,1,4,DBR9
G,Sao Paulo,-23.530928,-46.879843,1,4,DBR9
G,Sao Paulo,-23.465555,-46.838877,1,4,DBR9
G,Sao Paulo,-23.574523,-46.716036,1,4,DBR9
G,Sao Paulo,-23.574522,-46.879871,1,4,DBR9
G,Sao Paulo,-23.596326,-46.729678,1,4,DBR9
G,Sao Paulo,-23.596325,-46.866229,1,4,DBR9
G,Sao Paulo,-23.552719,-46.702399,1,4,DBR9
G,Sao Paulo,-23.509125,-46.70243,1,4,DBR9
G,Sao Paulo,-23.487335,-46.879816,1,4,DBR9
G,Sao Paulo,-23.509124,-46.893476,1,4,DBR9
G,Sao Paulo,-23.618127,-46.852584,1,4,DBR9
G,Sao Paulo,-23.465545,-46.866161,1,4,DBR9
G,Sao Paulo,-23.530913,-46.688766,1,4,DBR9
G,Sao Paulo,-23.596312,-46.702368,1,4,DBR9
G,Sao Paulo,-23.574506,-46.688731,1,4,DBR9
G,Sao Paulo,-23.59631,-46.89354,1,4,DBR9
G,Sao Paulo,-23.574505,-46.907177,1,4,DBR9
G,Sao Paulo,-23.618116,-46.71601,1,4,DBR9
G,Sao Paulo,-23.48732,-46.688802,1,4,DBR9
G,Sao Paulo,-23.618115,-46.879898,1,4,DBR9
G,Sao Paulo,-23.5527,-46.675098,1,4,DBR9
G,Sao Paulo,-23.487318,-46.907104,1,4,DBR9
G,Sao Paulo,-23.46553,-46.893444,1,4,DBR9
G,Sao Paulo,-23.509106,-46.675138,1,4,DBR9
G,Sao Paulo,-23.509104,-46.920768,1,4,DBR9
G,Sao Paulo,-23.443741,-46.879789,1,4,DBR9
G,Sao Paulo,-23.530892,-46.66147,1,4,DBR9
G,Sao Paulo,-23.596293,-46.675058,1,4,DBR9
G,Sao Paulo,-23.596291,-46.92085,1,4,DBR9
G,Sao Paulo,-23.574485,-46.661425,1,4,DBR9
G,Sao Paulo,-23.618098,-46.907213,1,4,DBR9
G,Sao Paulo,-23.574483,-46.934482,1,4,DBR9
G,Sao Paulo,-23.465511,-46.920727,1,4,DBR9
G,Sao Paulo,-23.487296,-46.934391,1,4,DBR9
G,Sao Paulo,-23.552676,-46.647797,1,4,DBR9
G,Sao Paulo,-23.443724,-46.907067,1,4,DBR9
G,Sao Paulo,-23.509083,-46.647846,1,4,DBR9
G,Sao Paulo,-23.50908,-46.94806,1,4,DBR9
G,Sao Paulo,-23.596269,-46.647748,1,4,DBR9
G,Sao Paulo,-23.530866,-46.634173,1,4,DBR9
G,Sao Paulo,-23.618076,-46.934528,1,4,DBR9
G,Sao Paulo,-23.639884,-46.920891,1,4,DBR9
G,Sao Paulo,-23.574459,-46.634119,1,4,DBR9
G,Sao Paulo,-23.465487,-46.94801,1,4,DBR9
G,Sao Paulo,-23.443702,-46.934346,1,4,DBR9
G,Sao Paulo,-23.487272,-46.634226,1,4,DBR9
G,Sao Paulo,-23.48727,-46.961679,1,4,DBR9
G,Sao Paulo,-23.639859,-46.94821,1,4,DBR9
G,Sao Paulo,-23.483764,-46.652114,1,4,DBR9
G,Sao Paulo,-23.463777,-46.750017,1,4,DBR9
G,Sao Paulo,-23.537483,-46.86373,1,4,DBR9
G,Sao Paulo,-23.582508,-46.852569,1,4,DBR9
G,Sao Paulo,-23.614607,-46.829424,1,4,DBR9
G,Sao Paulo,-23.609995,-46.740323,1,4,DBR9
G,Sao Paulo,-23.50209,-46.838889,1,4,DBR9
G,Sao Paulo,-23.613486,-46.954142,1,4,DBR9
G,Sao Paulo,-23.444462,-46.860623,1,4,DBR9
G,Sao Paulo,-23.611895,-46.689702,1,4,DBR9
G,Sao Paulo,-23.463429,-46.818858,1,4,DBR9
G,Sao Paulo,-23.573801,-46.734668,1,4,DBR9
G,Sao Paulo,-23.58919,-46.626947,1,4,DBR9
G,Sao Paulo,-23.534477,-46.787494,1,4,DBR9
G,Sao Paulo,-23.508352,-46.629224,1,4,DBR9
G,Sao Paulo,-23.486641,-46.762082,1,4,DBR9
G,Sao Paulo,-23.496686,-46.72007,1,4,DBR9
G,Sao Paulo,-23.549132,-46.630285,1,4,DBR9
G,Sao Paulo,-23.479921,-46.674138,1,4,DBR9
G,Sao Paulo,-23.518862,-46.906136,1,4,DBR9
G,Sao Paulo,-23.608709,-46.638729,1,4,DBR9
G,Sao Paulo,-23.498916,-46.971587,1,4,DBR9
G,Sao Paulo,-23.612002,-46.670782,1,4,DBR9
G,Sao Paulo,-23.492686,-46.810143,1,4,DBR9
G,Sao Paulo,-23.626602,-46.893562,1,4,DBR9
G,Sao Paulo,-23.565707,-46.921097,1,4,DBR9
G,Sao Paulo,-23.435257,-46.920699,1,4,DBR9
G,Sao Paulo,-23.517622,-46.934928,1,4,DBR9
G,Sao Paulo,-23.633298,-46.908089,1,4,DBR9
G,Sao Paulo,-23.458249,-46.934361,1,4,DBR9
G,Sao Paulo,-23.458271,-46.90708,1,4,DBR9
G,Sao Paulo,-23.458288,-46.879798,1,4,DBR9
G,Sao Paulo,-23.450964,-46.920714,1,4,DBR9
G,Sao Paulo,-23.450984,-46.893433,1,4,DBR9
G,Sao Paulo,-23.494592,-46.866176,1,4,DBR9
G,Sao Paulo,-23.545438,-46.661455,1,4,DBR9
G,Sao Paulo,-23.545459,-46.688754,1,4,DBR9
G,Sao Paulo,-23.545476,-46.716054,1,4,DBR9
G,Sao Paulo,-23.567222,-46.64778,1,4,DBR9
G,Sao Paulo,-23.589031,-46.66141,1,4,DBR9
G,Sao Paulo,-23.523653,-46.675125,1,4,DBR9
G,Sao Paulo,-23.567265,-46.702389,1,4,DBR9
G,Sao Paulo,-23.523672,-46.70242,1,4,DBR9
G,Sao Paulo,-23.523629,-46.647829,1,4,DBR9
G,Sao Paulo,-23.567246,-46.675085,1,4,DBR9
G,Sao Paulo,-23.589053,-46.688719,1,4,DBR9
G,Sao Paulo,-23.501866,-46.68879,1,4,DBR9
G,Sao Paulo,-23.589069,-46.716028,1,4,DBR9
G,Sao Paulo,-23.516395,-46.743366,1,4,DBR9
G,Sao Paulo,-23.472801,-46.852522,1,4,DBR9
G,Sao Paulo,-23.610871,-46.866237,1,4,DBR9
G,Sao Paulo,-23.538187,-46.729708,1,4,DBR9
G,Sao Paulo,-23.538196,-46.757006,1,4,DBR9
G,Sao Paulo,-23.545488,-46.743354,1,4,DBR9
G,Sao Paulo,-23.523686,-46.729715,1,4,DBR9
G,Sao Paulo,-23.501894,-46.743371,1,4,DBR9
G,Sao Paulo,-23.501842,-46.934407,1,4,DBR9
G,Sao Paulo,-23.501864,-46.907116,1,4,DBR9
G,Sao Paulo,-23.501881,-46.879825,1,4,DBR9
G,Sao Paulo,-23.480033,-46.948027,1,4,DBR9
G,Sao Paulo,-23.480057,-46.920741,1,4,DBR9
G,Sao Paulo,-23.480091,-46.866168,1,4,DBR9
G,Sao Paulo,-23.480101,-46.838882,1,4,DBR9
G,Sao Paulo,-23.610837,-46.920864,1,4,DBR9
G,Sao Paulo,-23.610856,-46.89355,1,4,DBR9
G,Sao Paulo,-23.589051,-46.907189,1,4,DBR9
G,Sao Paulo,-23.589068,-46.87988,1,4,DBR9
G,Sao Paulo,-23.603581,-46.852577,1,4,DBR9
G,Sao Paulo,-23.632622,-46.934543,1,4,DBR9
G,Sao Paulo,-23.494534,-46.948044,1,4,DBR9
G,Sao Paulo,-23.494558,-46.920754,1,4,DBR9
G,Sao Paulo,-23.480076,-46.893455,1,4,DBR9
G,Sao Paulo,-23.494577,-46.893465,1,4,DBR9
G,Sao Paulo,-23.516346,-46.661484,1,4,DBR9
G,Sao Paulo,-23.559939,-46.66144,1,4,DBR9
G,Sao Paulo,-23.516367,-46.688778,1,4,DBR9
G,Sao Paulo,-23.55996,-46.688743,1,4,DBR9
G,Sao Paulo,-23.516384,-46.716072,1,4,DBR9
G,Sao Paulo,-23.559977,-46.716045,1,4,DBR9
G,Sao Paulo,-23.516382,-46.879834,1,4,DBR9
G,Sao Paulo,-23.53813,-46.647813,1,4,DBR9
G,Sao Paulo,-23.538154,-46.675111,1,4,DBR9
G,Sao Paulo,-23.538173,-46.702409,1,4,DBR9
G,Sao Paulo,-23.581723,-46.647764,1,4,DBR9
G,Sao Paulo,-23.581747,-46.675071,1,4,DBR9
G,Sao Paulo,-23.60357,-46.716019,1,4,DBR9
G,Sao Paulo,-23.581766,-46.702378,1,4,DBR9
G,Sao Paulo,-23.47275,-46.934376,1,4,DBR9
G,Sao Paulo,-23.472772,-46.907092,1,4,DBR9
G,Sao Paulo,-23.472789,-46.879807,1,4,DBR9
G,Sao Paulo,-23.625338,-46.920877,1,4,DBR9
G,Sao Paulo,-23.581745,-46.920836,1,4,DBR9
G,Sao Paulo,-23.603551,-46.907201,1,4,DBR9
G,Sao Paulo,-23.603568,-46.879889,1,4,DBR9
G,Sao Paulo,-23.581764,-46.893529,1,4,DBR9
G,Sao Paulo,-23.471859,-46.632161,1,4,DBR9
G,Sao Paulo,-23.5453,-46.886368,1,4,DBR9
G,Sao Paulo,-23.582755,-46.825261,1,4,DBR9
G,Sao Paulo,-23.498341,-46.661503,1,4,DBR9
G,Sao Paulo,-23.602394,-46.937813,1,4,DBR9
G,Sao Paulo,-23.448561,-46.74422,1,4,DBR9
G,Sao Paulo,-23.470518,-46.660346,1,4,DBR9
G,Sao Paulo,-23.454002,-46.848583,1,4,DBR9
G,Sao Paulo,-23.545688,-46.772889,1,4,DBR9
G,Sao Paulo,-23.561006,-46.743348,1,4,DBR9
G,Sao Paulo,-23.522806,-46.860027,1,4,DBR9
G,Sao Paulo,-23.431804,-46.870254,1,4,DBR9
G,Sao Paulo,-23.624819,-46.740158,1,4,DBR9
G,Sao Paulo,-23.62797,-46.957418,1,4,DBR9
G,Brasilia,-15.765506,-47.90423,4,4,DBS5
G,Brasilia,-15.852764,-47.852188,4,4,DBS5
G,Brasilia,-15.765487,-47.80018,4,4,DBS5
G,Brasilia,-15.852759,-47.956283,4,4,DBS5
G,Brasilia,-15.833125,-48.065083,4,4,DBS5
G,Brasilia,-15.667148,-47.781602,4,4,DBS5
G,Brasilia,-15.624545,-47.640326,4,4,DBS5
G,Brasilia,-15.715668,-47.871472,4,4,DBS5
G,Brasilia,-15.798041,-47.984243,4,4,DBS5
G,Brasilia,-15.824493,-47.798699,4,4,DBS5
G,Brasilia,-15.794291,-47.95675,4,4,DBS5
G,Brasilia,-15.79453,-47.852199,4,4,DBS5
G,Brasilia,-15.823741,-47.904234,4,4,DBS5
G,Brasilia,-15.804592,-48.134176,4,4,DBS5
G,Brasilia,-15.628206,-47.841634,4,4,DBS5
G,Brasilia,-15.871648,-48.016597,4,4,DBS5
G,Brasilia,-15.848271,-48.125303,4,4,DBS5
G,Fortaleza,-3.851013,-38.559303,4,4,DCE3
G,Fortaleza,-3.85101,-38.458917,4,4,DCE3
G,Fortaleza,-3.763691,-38.509113,4,4,DCE3
G,Fortaleza,-3.763688,-38.609488,4,4,DCE3
G,Fortaleza,-3.938333,-38.609504,4,4,DCE3
G,Fortaleza,-3.851004,-38.659689,4,4,DCE3
G,Fortaleza,-4.106253,-38.494584,4,4,DCE3
G,Fortaleza,-3.9135,-38.682946,4,4,DCE3
G,Fortaleza,-3.753496,-38.448385,4,4,DCE3
G,Fortaleza,-3.916172,-38.453183,4,4,DCE3
G,Fortaleza,-3.724643,-38.559299,4,4,DCE3
G,Fortaleza,-3.897386,-38.499826,4,4,DCE3
G,Fortaleza,-3.783074,-38.453694,4,4,DCE3
G,Fortaleza,-3.880057,-38.609499,4,4,DCE3
G,Fortaleza,-3.821963,-38.609494,4,4,DCE3
G,Fortaleza,-3.792738,-38.559301,4,4,DCE3
G,Fortaleza,-3.821966,-38.509111,4,4,DCE3
G,Vitoria,-20.379958,-40.358738,4,4,DES2
G,Vitoria,-20.29273,-40.305363,4,4,DES2
G,Vitoria,-20.292728,-40.412109,4,4,DES2
G,Vitoria,-20.379922,-40.465544,4,4,DES2
G,Vitoria,-20.205485,-40.252047,4,4,DES2
G,Vitoria,-20.118224,-40.198791,4,4,DES2
G,Vitoria,-20.641537,-40.519225,4,4,DES2
G,Vitoria,-20.529415,-40.388012,4,4,DES2
G,Vitoria,-20.724654,-40.540937,4,4,DES2
G,Vitoria,-20.136676,-40.274694,4,4,DES2
G,Vitoria,-20.214034,-40.323067,4,4,DES2
G,Vitoria,-20.276057,-40.240128,4,4,DES2
G,Vitoria,-20.356248,-40.295186,4,4,DES2
G,Vitoria,-20.187822,-40.190151,4,4,DES2
G,Vitoria,-20.232158,-40.411456,4,4,DES2
G,Vitoria,-20.245914,-40.374821,4,4,DES2
G,Vitoria,-20.350935,-40.41213,4,4,DES2
G,Vitoria,-20.579211,-40.440306,4,4,DES2
G,Vitoria,-20.45361,-40.355382,4,4,DES2
G,Vitoria,-20.63923,-40.433405,4,4,DES2
G,Vitoria,-20.63634,-40.424943,4,4,DES2
G,Vitoria,-20.637129,-40.449814,4,4,DES2
G,Vitoria,-20.637265,-40.447071,4,4,DES2
G,Vitoria,-20.637121,-40.448166,4,4,DES2
G,Vitoria,-20.63716,-40.445602,4,4,DES2
G,Vitoria,-20.637212,-40.446228,4,4,DES2
G,Goiania,-16.685572,-49.266017,4,4,DGO2
G,Goiania,-16.685557,-49.370552,4,4,DGO2
G,Goiania,-16.772825,-49.318298,4,4,DGO2
G,Goiania,-16.598317,-49.318271,4,4,DGO2
G,Goiania,-16.772814,-49.213716,4,4,DGO2
G,Goiania,-16.598306,-49.213784,4,4,DGO2
G,Goiania,-16.685535,-49.161482,4,4,DGO2
G,Goiania,-16.598276,-49.422758,4,4,DGO2
G,Goiania,-16.68549,-49.475086,4,4,DGO2
G,Goiania,-16.860064,-49.370627,4,4,DGO2
G,Goiania,-16.77275,-49.109133,4,4,DGO2
G,Goiania,-16.845438,-49.228689,4,4,DGO2
G,Goiania,-16.67016,-49.095159,4,4,DGO2
G,Goiania,-16.642378,-49.535067,4,4,DGO2
G,Goiania,-16.538683,-49.27488,4,4,DGO2
G,Goiania,-16.759116,-49.391503,4,4,DGO2
G,Goiania,-16.815804,-49.160502,4,4,DGO2
G,Goiania,-16.558493,-49.372546,4,4,DGO2
G,Goiania,-16.560082,-49.168312,4,4,DGO2
G,Goiania,-16.735195,-49.06296,4,4,DGO2
G,Goiania,-16.627327,-49.370527,4,4,DGO2
G,Goiania,-16.656506,-49.422799,4,4,DGO2
G,Goiania,-16.714584,-49.213738,4,4,DGO2
G,Goiania,-16.656547,-49.31828,4,4,DGO2
G,Goiania,-16.743765,-49.161444,4,4,DGO2
G,Goiania,-16.627342,-49.266024,4,4,DGO2
G,Goiania,-16.656536,-49.213761,4,4,DGO2
G,Goiania,-16.743802,-49.26601,4,4,DGO2
G,Goiania,-16.714596,-49.318289,4,4,DGO2
G,Goiania,-16.844321,-49.30078,4,4,DGO2
G,Goiania,-16.623114,-49.150625,4,4,DGO2
G,Goiania,-16.879743,-49.17169,4,4,DGO2
G,Goiania,-16.613081,-49.482027,4,4,DGO2
G,Belo Horizonte,-19.898644,-44.030302,4,4,DMG2
G,Belo Horizonte,-19.898641,-43.923823,4,4,DMG2
G,Belo Horizonte,-19.811425,-43.977065,4,4,DMG2
G,Belo Horizonte,-19.978231,-44.036696,4,4,DMG2
G,Belo Horizonte,-19.836456,-43.90347,4,4,DMG2
G,Belo Horizonte,-19.837321,-44.033555,4,4,DMG2
G,Belo Horizonte,-19.869636,-43.977064,4,4,DMG2
G,Joao Pessoa,-7.109036,-34.848921,4,4,DPB3
G,Joao Pessoa,-7.168885,-34.860172,4,4,DPB3
G,Joao Pessoa,-7.007186,-34.831402,4,4,DPB3
G,Joao Pessoa,-7.138565,-34.93032,4,4,DPB3
G,Joao Pessoa,-7.177412,-34.926985,4,4,DPB3
G,Joao Pessoa,-7.160348,-34.798422,4,4,DPB3
G,Joao Pessoa,-7.219428,-34.830318,4,4,DPB3
G,Joao Pessoa,-7.224929,-34.844006,4,4,DPB3
G,Joao Pessoa,-7.141407,-34.990171,4,4,DPB3
G,Recife,-8.053129,-34.96474,2,4,DPE4
G,Recife,-8.096783,-34.939451,2,4,DPE4
G,Recife,-8.096782,-34.990032,2,4,DPE4
G,Recife,-8.053127,-34.914164,2,4,DPE4
G,Recife,-8.009474,-34.939454,2,4,DPE4
G,Recife,-8.096778,-34.888869,2,4,DPE4
G,Recife,-8.009473,-34.990025,2,4,DPE4
G,Recife,-8.140436,-34.914156,2,4,DPE4
G,Recife,-8.009469,-34.888884,2,4,DPE4
G,Recife,-8.009466,-35.040595,2,4,DPE4
G,Recife,-8.184092,-34.939447,2,4,DPE4
G,Recife,-8.227747,-34.964744,2,4,DPE4
G,Recife,-8.028985,-34.862283,2,4,DPE4
G,Recife,-8.111357,-35.283999,2,4,DPE4
G,Recife,-7.982103,-34.914172,2,4,DPE4
G,Recife,-8.121434,-35.027148,2,4,DPE4
G,Recife,-8.221936,-34.930442,2,4,DPE4
G,Recife,-8.133653,-34.951037,2,4,DPE4
G,Recife,-8.032818,-35.011559,2,4,DPE4
G,Recife,-8.068584,-35.00163,2,4,DPE4
G,Recife,-7.989458,-35.016258,2,4,DPE4
G,Recife,-8.185519,-34.970667,2,4,DPE4
G,Recife,-8.040157,-34.993658,2,4,DPE4
G,Recife,-8.169955,-34.913724,2,4,DPE4
G,Recife,-8.198599,-34.964755,2,4,DPE4
G,Recife,-8.08226,-34.914161,2,4,DPE4
G,Recife,-8.082262,-34.964741,2,4,DPE4
G,Recife,-8.023994,-34.914167,2,4,DPE4
G,Recife,-8.111303,-34.914158,2,4,DPE4
G,Recife,-8.023996,-34.96474,2,4,DPE4
G,Recife,-8.038608,-34.939453,2,4,DPE4
G,Recife,-8.06765,-34.939452,2,4,DPE4
G,Recife,-7.98375,-34.848193,2,4,DPE4
G,Recife,-8.064217,-34.868654,2,4,DPE4
G,Recife,-8.123761,-35.312553,2,4,DPE4
G,Recife,-7.960361,-34.829499,2,4,DPE4
G,Curitiba,-25.46437,-49.228339,4,4,DPR2
G,Curitiba,-25.551531,-49.2838,4,4,DPR2
G,Curitiba,-25.551517,-49.172851,4,4,DPR2
G,Curitiba,-25.464343,-49.339209,4,4,DPR2
G,Curitiba,-25.464314,-49.117469,4,4,DPR2
G,Curitiba,-25.377202,-49.283747,4,4,DPR2
G,Curitiba,-25.377188,-49.172958,4,4,DPR2
G,Curitiba,-25.638697,-49.228312,4,4,DPR2
G,Curitiba,-25.551461,-49.39475,4,4,DPR2
G,Curitiba,-25.638669,-49.339342,4,4,DPR2
G,Curitiba,-25.551419,-49.061901,4,4,DPR2
G,Curitiba,-25.638641,-49.117282,4,4,DPR2
G,Curitiba,-25.464231,-49.450078,4,4,DPR2
G,Curitiba,-25.290039,-49.228366,4,4,DPR2
G,Curitiba,-25.464175,-49.0066,4,4,DPR2
G,Curitiba,-25.290012,-49.339076,4,4,DPR2
G,Curitiba,-25.725856,-49.283854,4,4,DPR2
G,Curitiba,-25.638501,-49.006252,4,4,DPR2
G,Curitiba,-25.376979,-49.505327,4,4,DPR2
G,Curitiba,-25.464036,-49.560947,4,4,DPR2
G,Curitiba,-25.700402,-49.184889,4,4,DPR2
G,Curitiba,-25.557684,-48.983336,4,4,DPR2
G,Curitiba,-25.403589,-49.358269,4,4,DPR2
G,Curitiba,-25.412141,-49.063921,4,4,DPR2
G,Curitiba,-25.532354,-49.559272,4,4,DPR2
G,Curitiba,-25.238186,-49.283705,4,4,DPR2
G,Curitiba,-25.314749,-49.151342,4,4,DPR2
G,Curitiba,-25.410041,-49.600497,4,4,DPR2
G,Curitiba,-25.317239,-49.398913,4,4,DPR2
G,Curitiba,-25.505913,-49.513175,4,4,DPR2
G,Curitiba,-25.584351,-49.450489,4,4,DPR2
G,Curitiba,-25.396701,-49.111236,4,4,DPR2
G,Curitiba,-25.23563,-49.252242,4,4,DPR2
G,Curitiba,-25.351156,-49.342514,4,4,DPR2
G,Curitiba,-25.405771,-49.11656,4,4,DPR2
G,Curitiba,-25.585849,-49.446576,4,4,DPR2
G,Curitiba,-25.609848,-49.394956,4,4,DPR2
G,Curitiba,-25.667687,-49.283836,4,4,DPR2
G,Curitiba,-25.493292,-49.394679,4,4,DPR2
G,Curitiba,-25.43515,-49.505451,4,4,DPR2
G,Curitiba,-25.493249,-49.06199,4,4,DPR2
G,Curitiba,-25.522484,-49.117407,4,4,DPR2
G,Curitiba,-25.522513,-49.339253,4,4,DPR2
G,Curitiba,-25.493347,-49.172886,4,4,DPR2
G,Curitiba,-25.52254,-49.22833,4,4,DPR2
G,Curitiba,-25.609588,-49.061812,4,4,DPR2
G,Curitiba,-25.580472,-49.117345,4,4,DPR2
G,Curitiba,-25.5805,-49.339297,4,4,DPR2
G,Curitiba,-25.435359,-49.172922,4,4,DPR2
G,Curitiba,-25.4062,-49.228348,4,4,DPR2
G,Curitiba,-25.493361,-49.283783,4,4,DPR2
G,Curitiba,-25.609686,-49.172815,4,4,DPR2
G,Curitiba,-25.6097,-49.283818,4,4,DPR2
G,Curitiba,-25.580528,-49.228321,4,4,DPR2
G,Curitiba,-25.435373,-49.283765,4,4,DPR2
G,Curitiba,-25.319031,-49.28373,4,4,DPR2
G,Curitiba,-25.348211,-49.228357,4,4,DPR2
G,Curitiba,-25.401193,-49.434681,4,4,DPR2
G,Rio de Janeiro,-22.900135,-43.273342,4,4,DRJ3
G,Rio de Janeiro,-22.987311,-43.218953,4,4,DRJ3
G,Rio de Janeiro,-22.968461,-43.391971,4,4,DRJ3
G,Rio de Janeiro,-22.872107,-43.393504,4,4,DRJ3
G,Rio de Janeiro,-22.939518,-43.34736,4,4,DRJ3
G,Rio de Janeiro,-22.940643,-43.167053,4,4,DRJ3
G,Rio de Janeiro,-22.913144,-43.192,4,4,DRJ3
G,Rio de Janeiro,-22.999058,-43.327666,4,4,DRJ3
G,Porto Alegre,-29.901687,-51.222586,4,4,DRS5
G,Porto Alegre,-29.988807,-51.164864,4,4,DRS5
G,Porto Alegre,-29.81459,-51.164863,4,4,DRS5
G,Porto Alegre,-30.075902,-51.222687,4,4,DRS5
G,Porto Alegre,-30.16302,-51.164864,4,4,DRS5
G,Porto Alegre,-29.640368,-51.164863,4,4,DRS5
G,Porto Alegre,-29.728218,-51.160275,4,4,DRS5
G,Porto Alegre,-29.888652,-51.135275,4,4,DRS5
G,Porto Alegre,-30.095326,-51.152953,4,4,DRS5
G,Porto Alegre,-30.061821,-51.154605,4,4,DRS5
G,Porto Alegre,-30.183427,-51.235516,4,4,DRS5
G,Porto Alegre,-30.138024,-51.228711,4,4,DRS5
G,Porto Alegre,-30.163676,-51.232697,4,4,DRS5
G,Porto Alegre,-30.122265,-51.262933,4,4,DRS5
G,Porto Alegre,-29.679551,-51.096913,4,4,DRS5
G,Porto Alegre,-29.773352,-51.102648,4,4,DRS5
G,Porto Alegre,-29.837956,-51.102636,4,4,DRS5
G,Salvador,-12.901062,-38.387741,4,4,DSA8
G,Salvador,-12.988345,-38.439118,4,4,DSA8
G,Salvador,-12.901053,-38.490479,4,4,DSA8
G,Salvador,-12.90856,-38.315547,4,4,DSA8
G,Salvador,-12.985045,-38.510577,4,4,DSA8
G,Salvador,-12.837799,-38.463291,4,4,DSA8
G,Salvador,-12.930096,-38.439112,4,4,DSA8
G,Salvador,-12.954232,-38.356815,4,4,DSA8
G,Salvador,-12.865484,-38.273719,4,4,DSA8
G,Salvador,-12.860606,-38.281237,4,4,DSA8
G,Sao Paulo,-23.668461,-46.57559,1,4,DSP4
G,Sao Paulo,-23.668461,-46.602915,1,4,DSP4
G,Sao Paulo,-23.690258,-46.589253,1,4,DSP4
G,Sao Paulo,-23.690256,-46.561923,1,4,DSP4
G,Sao Paulo,-23.690255,-46.616583,1,4,DSP4
G,Sao Paulo,-23.646663,-46.561932,1,4,DSP4
G,Sao Paulo,-23.668456,-46.548265,1,4,DSP4
G,Sao Paulo,-23.712053,-46.575586,1,4,DSP4
G,Sao Paulo,-23.624868,-46.575594,1,4,DSP4
G,Sao Paulo,-23.690249,-46.534593,1,4,DSP4
G,Sao Paulo,-23.646656,-46.534611,1,4,DSP4
G,Sao Paulo,-23.624864,-46.548278,1,4,DSP4
G,Sao Paulo,-23.73385,-46.589253,1,4,DSP4
G,Sao Paulo,-23.624863,-46.630226,1,4,DSP4
G,Sao Paulo,-23.733848,-46.561915,1,4,DSP4
G,Sao Paulo,-23.603072,-46.589252,1,4,DSP4
G,Sao Paulo,-23.60307,-46.616564,1,4,DSP4
G,Sao Paulo,-23.624854,-46.520962,1,4,DSP4
G,Sao Paulo,-23.624853,-46.657543,1,4,DSP4
G,Sao Paulo,-23.646643,-46.671215,1,4,DSP4
G,Sao Paulo,-23.755646,-46.575582,1,4,DSP4
G,Sao Paulo,-23.668431,-46.684891,1,4,DSP4
G,Sao Paulo,-23.755641,-46.548239,1,4,DSP4
G,Sao Paulo,-23.581275,-46.602905,1,4,DSP4
G,Sao Paulo,-23.624838,-46.684859,1,4,DSP4
G,Sao Paulo,-23.777442,-46.589254,1,4,DSP4
G,Sao Paulo,-23.777433,-46.534558,1,4,DSP4
G,Sao Paulo,-23.799233,-46.548226,1,4,DSP4
G,Sao Paulo,-23.637964,-46.500388,1,4,DSP4
G,Sao Paulo,-23.663539,-46.704691,1,4,DSP4
G,Sao Paulo,-23.607946,-46.656788,1,4,DSP4
G,Sao Paulo,-23.642778,-46.639612,1,4,DSP4
G,Sao Paulo,-23.647377,-46.582353,1,4,DSP4
G,Sao Paulo,-23.709921,-46.55611,1,4,DSP4
G,Sao Paulo,-23.718539,-46.5967,1,4,DSP4
G,Sao Paulo,-23.797098,-46.5292,1,4,DSP4
G,Sao Paulo,-23.609276,-46.568651,1,4,DSP4
G,Sao Paulo,-23.73737,-46.544688,1,4,DSP4
G,Sao Paulo,-23.754934,-46.592185,1,4,DSP4
G,Sao Paulo,-23.666322,-46.531692,1,4,DSP4
G,Sao Paulo,-23.776726,-46.551119,1,4,DSP4
G,Sao Paulo,-23.663551,-46.667936,1,4,DSP4
G,Sao Paulo,-23.609027,-46.54924,1,4,DSP4
G,Sao Paulo,-23.68279,-46.630951,1,4,DSP4
G,Sao Paulo,-23.618661,-46.614456,1,4,DSP4
G,Sao Paulo,-23.616184,-46.697884,1,4,DSP4
G,Sao Paulo,-23.666202,-46.619034,1,4,DSP4
G,Sao Paulo,-23.587478,-46.61814,1,4,DSP4
G,Sao Paulo,-23.773915,-46.604795,1,4,DSP4
G,Sao Paulo,-23.615113,-46.53617,1,4,DSP4
G,Sao Paulo,-23.761644,-46.533362,1,4,DSP4
G,Sao Paulo,-23.669688,-46.615039,1,4,DSP4
G,Sao Paulo,-23.697979,-46.548256,1,4,DSP4
G,Sao Paulo,-23.63211,-46.534617,1,4,DSP4
G,Sao Paulo,-23.632117,-46.561935,1,4,DSP4
G,Sao Paulo,-23.595821,-46.602907,1,4,DSP4
G,Sao Paulo,-23.67571,-46.561926,1,4,DSP4
G,Sao Paulo,-23.63941,-46.548274,1,4,DSP4
G,Sao Paulo,-23.65391,-46.548269,1,4,DSP4
G,Sao Paulo,-23.683002,-46.548261,1,4,DSP4
G,Sao Paulo,-23.697507,-46.575587,1,4,DSP4
G,Sao Paulo,-23.661209,-46.561929,1,4,DSP4
G,Sao Paulo,-23.683007,-46.602917,1,4,DSP4
G,Sao Paulo,-23.683007,-46.575589,1,4,DSP4
G,Sao Paulo,-23.675712,-46.589253,1,4,DSP4
G,Sao Paulo,-23.726599,-46.575585,1,4,DSP4
G,Sao Paulo,-23.7411,-46.575583,1,4,DSP4
G,Sao Paulo,-23.632097,-46.671205,1,4,DSP4
G,Sao Paulo,-23.748394,-46.561912,1,4,DSP4
G,Sao Paulo,-23.687881,-46.689704,1,4,DSP4
G,Sao Paulo,-23.607955,-46.634439,1,4,DSP4
G,Sao Paulo,-23.647344,-46.689073,1,4,DSP4
G,Sao Paulo,-23.645855,-46.517234,1,4,DSP4
G,Sao Paulo,-23.628655,-46.486483,1,4,DSP4
G,Sao Paulo,-23.613131,-46.673527,1,4,DSP4
G,Sao Paulo,-23.654391,-46.597603,1,4,DSP4
G,Sao Paulo,-23.640388,-46.656076,1,4,DSP4
G,Sao Paulo,-23.705159,-46.590016,1,4,DSP4
G,Sao Paulo,-23.660892,-46.589253,1,4,DSP4
G,Sao Paulo,-22.986098,-47.102559,1,4,DSP5
G,Sao Paulo,-22.964301,-47.116153,1,4,DSP5
G,Sao Paulo,-22.964297,-47.088972,1,4,DSP5
G,Sao Paulo,-22.986092,-47.075373,1,4,DSP5
G,Sao Paulo,-22.942503,-47.129743,1,4,DSP5
G,Sao Paulo,-22.942501,-47.102566,1,4,DSP5
G,Sao Paulo,-22.964289,-47.06179,1,4,DSP5
G,Sao Paulo,-22.942495,-47.075389,1,4,DSP5
G,Sao Paulo,-23.051487,-47.170546,1,4,DSP5
G,Sao Paulo,-22.986081,-47.048187,1,4,DSP5
G,Sao Paulo,-22.920704,-47.116156,1,4,DSP5
G,Sao Paulo,-22.920701,-47.088983,1,4,DSP5
G,Sao Paulo,-23.007872,-47.034579,1,4,DSP5
G,Sao Paulo,-22.942484,-47.048211,1,4,DSP5
G,Sao Paulo,-22.964276,-47.034608,1,4,DSP5
G,Sao Paulo,-22.920692,-47.06181,1,4,DSP5
G,Sao Paulo,-22.898906,-47.129742,1,4,DSP5
G,Sao Paulo,-22.986065,-47.021001,1,4,DSP5
G,Sao Paulo,-22.898905,-47.102573,1,4,DSP5
G,Sao Paulo,-23.029662,-47.020967,1,4,DSP5
G,Sao Paulo,-22.898899,-47.075405,1,4,DSP5
G,Sao Paulo,-22.942469,-47.021034,1,4,DSP5
G,Sao Paulo,-23.007854,-47.007389,1,4,DSP5
G,Sao Paulo,-22.920679,-47.034637,1,4,DSP5
G,Sao Paulo,-23.073268,-47.211359,1,4,DSP5
G,Sao Paulo,-22.964258,-47.007427,1,4,DSP5
G,Sao Paulo,-22.877108,-47.116159,1,4,DSP5
G,Sao Paulo,-22.877107,-47.143323,1,4,DSP5
G,Sao Paulo,-22.898888,-47.048236,1,4,DSP5
G,Sao Paulo,-23.095073,-47.197769,1,4,DSP5
G,Sao Paulo,-22.986045,-46.993815,1,4,DSP5
G,Sao Paulo,-22.877104,-47.088995,1,4,DSP5
G,Sao Paulo,-22.877095,-47.06183,1,4,DSP5
G,Sao Paulo,-22.920661,-47.007464,1,4,DSP5
G,Sao Paulo,-22.942449,-46.993857,1,4,DSP5
G,Sao Paulo,-23.116877,-47.184174,1,4,DSP5
G,Sao Paulo,-22.898872,-47.021067,1,4,DSP5
G,Sao Paulo,-23.095058,-47.224976,1,4,DSP5
G,Sao Paulo,-22.964235,-46.980245,1,4,DSP5
G,Sao Paulo,-22.855309,-47.12974,1,4,DSP5
G,Sao Paulo,-22.855308,-47.10258,1,4,DSP5
G,Sao Paulo,-22.855306,-47.1569,1,4,DSP5
G,Sao Paulo,-22.877082,-47.034666,1,4,DSP5
G,Sao Paulo,-23.116864,-47.211386,1,4,DSP5
G,Sao Paulo,-22.855302,-47.07542,1,4,DSP5
G,Sao Paulo,-22.898852,-46.993899,1,4,DSP5
G,Sao Paulo,-22.855291,-47.04826,1,4,DSP5
G,Sao Paulo,-23.138669,-47.197792,1,4,DSP5
G,Sao Paulo,-22.877064,-47.007502,1,4,DSP5
G,Sao Paulo,-22.83351,-47.116162,1,4,DSP5
G,Sao Paulo,-23.116847,-47.238599,1,4,DSP5
G,Sao Paulo,-22.83351,-47.143317,1,4,DSP5
G,Sao Paulo,-22.833507,-47.089006,1,4,DSP5
G,Sao Paulo,-22.855275,-47.0211,1,4,DSP5
G,Sao Paulo,-22.833498,-47.06185,1,4,DSP5
G,Sao Paulo,-23.138654,-47.225009,1,4,DSP5
G,Sao Paulo,-22.877042,-46.980338,1,4,DSP5
G,Sao Paulo,-22.833485,-47.034695,1,4,DSP5
G,Sao Paulo,-22.81171,-47.102587,1,4,DSP5
G,Sao Paulo,-22.855255,-46.993941,1,4,DSP5
G,Sao Paulo,-22.811704,-47.075436,1,4,DSP5
G,Sao Paulo,-22.833467,-47.007539,1,4,DSP5
G,Sao Paulo,-22.811694,-47.048285,1,4,DSP5
G,Sao Paulo,-22.877015,-46.953173,1,4,DSP5
G,Sao Paulo,-22.85523,-46.966781,1,4,DSP5
G,Sao Paulo,-22.811678,-47.021134,1,4,DSP5
G,Sao Paulo,-22.789909,-47.089017,1,4,DSP5
G,Sao Paulo,-22.789901,-47.061871,1,4,DSP5
G,Sao Paulo,-22.789888,-47.034724,1,4,DSP5
G,Sao Paulo,-23.182205,-47.279492,1,4,DSP5
G,Sao Paulo,-23.160363,-47.320298,1,4,DSP5
G,Sao Paulo,-23.204016,-47.265902,1,4,DSP5
G,Sao Paulo,-23.182176,-47.306717,1,4,DSP5
G,Sao Paulo,-23.203989,-47.293132,1,4,DSP5
G,Sao Paulo,-23.203958,-47.320362,1,4,DSP5
G,Sao Paulo,-23.225772,-47.306776,1,4,DSP5
G,Sao Paulo,-23.247584,-47.293186,1,4,DSP5
G,Sao Paulo,-23.225738,-47.33401,1,4,DSP5
G,Sao Paulo,-23.269395,-47.279592,1,4,DSP5
G,Sao Paulo,-23.247553,-47.320425,1,4,DSP5
G,Sao Paulo,-23.269366,-47.306835,1,4,DSP5
G,Sao Paulo,-23.247517,-47.347664,1,4,DSP5
G,Sao Paulo,-23.291179,-47.293241,1,4,DSP5
G,Sao Paulo,-23.269333,-47.334078,1,4,DSP5
G,Sao Paulo,-23.291147,-47.320488,1,4,DSP5
G,Sao Paulo,-23.28807,-47.270832,1,4,DSP5
G,Sao Paulo,-23.127637,-47.164922,1,4,DSP5
G,Sao Paulo,-23.393214,-47.342569,1,4,DSP5
G,Sao Paulo,-23.069752,-47.189351,1,4,DSP5
G,Sao Paulo,-22.81938,-46.998302,1,4,DSP5
G,Sao Paulo,-22.936225,-46.973293,1,4,DSP5
G,Sao Paulo,-23.222392,-47.264338,1,4,DSP5
G,Sao Paulo,-22.908653,-47.144074,1,4,DSP5
G,Sao Paulo,-23.068365,-47.232599,1,4,DSP5
G,Sao Paulo,-23.156857,-47.301951,1,4,DSP5
G,Sao Paulo,-22.992237,-46.977208,1,4,DSP5
G,Sao Paulo,-23.000456,-47.109026,1,4,DSP5
G,Sao Paulo,-23.181441,-47.32585,1,4,DSP5
G,Sao Paulo,-23.132434,-47.245015,1,4,DSP5
G,Sao Paulo,-22.888687,-46.966742,1,4,DSP5
G,Sao Paulo,-23.042836,-47.185383,1,4,DSP5
G,Sao Paulo,-23.2658,-47.35385,1,4,DSP5
G,Sao Paulo,-23.210139,-47.339372,1,4,DSP5
G,Sao Paulo,-23.004354,-47.051297,1,4,DSP5
G,Sao Paulo,-22.796118,-47.10617,1,4,DSP5
G,Sao Paulo,-23.181509,-47.262099,1,4,DSP5
G,Sao Paulo,-23.022614,-47.038447,1,4,DSP5
G,Sao Paulo,-22.956582,-47.136,1,4,DSP5
G,Sao Paulo,-23.098573,-47.241561,1,4,DSP5
G,Sao Paulo,-23.230606,-47.349585,1,4,DSP5
G,Sao Paulo,-22.994733,-47.061776,1,4,DSP5
G,Sao Paulo,-23.284667,-47.334888,1,4,DSP5
G,Sao Paulo,-23.022594,-47.006969,1,4,DSP5
G,Sao Paulo,-22.782386,-47.075447,1,4,DSP5
G,Sao Paulo,-22.782491,-47.048301,1,4,DSP5
G,Sao Paulo,-23.189409,-47.265748,1,4,DSP5
G,Sao Paulo,-23.051315,-47.154812,1,4,DSP5
G,Sao Paulo,-22.840743,-47.048269,1,4,DSP5
G,Sao Paulo,-22.840754,-47.075426,1,4,DSP5
G,Sao Paulo,-22.84076,-47.102583,1,4,DSP5
G,Sao Paulo,-22.840762,-47.12974,1,4,DSP5
G,Sao Paulo,-22.869778,-46.966764,1,4,DSP5
G,Sao Paulo,-22.848015,-47.007527,1,4,DSP5
G,Sao Paulo,-22.869803,-46.993927,1,4,DSP5
G,Sao Paulo,-22.848033,-47.034685,1,4,DSP5
G,Sao Paulo,-22.869823,-47.021089,1,4,DSP5
G,Sao Paulo,-22.891612,-47.007489,1,4,DSP5
G,Sao Paulo,-22.89163,-47.034656,1,4,DSP5
G,Sao Paulo,-22.91342,-47.021056,1,4,DSP5
G,Sao Paulo,-22.804435,-47.034714,1,4,DSP5
G,Sao Paulo,-22.826226,-47.021123,1,4,DSP5
G,Sao Paulo,-22.862494,-46.980353,1,4,DSP5
G,Sao Paulo,-22.840728,-47.021112,1,4,DSP5
G,Sao Paulo,-22.862517,-47.007514,1,4,DSP5
G,Sao Paulo,-22.884305,-46.993913,1,4,DSP5
G,Sao Paulo,-22.862535,-47.034676,1,4,DSP5
G,Sao Paulo,-22.884325,-47.021078,1,4,DSP5
G,Sao Paulo,-22.862548,-47.061837,1,4,DSP5
G,Sao Paulo,-22.906114,-47.007477,1,4,DSP5
G,Sao Paulo,-22.88434,-47.048244,1,4,DSP5
G,Sao Paulo,-22.906132,-47.034647,1,4,DSP5
G,Sao Paulo,-22.884351,-47.07541,1,4,DSP5
G,Sao Paulo,-22.906145,-47.061817,1,4,DSP5
G,Sao Paulo,-22.862556,-47.088998,1,4,DSP5
G,Sao Paulo,-22.884357,-47.102575,1,4,DSP5
G,Sao Paulo,-22.906153,-47.088987,1,4,DSP5
G,Sao Paulo,-22.86256,-47.11616,1,4,DSP5
G,Sao Paulo,-22.906157,-47.116157,1,4,DSP5
G,Sao Paulo,-22.862559,-47.143321,1,4,DSP5
G,Sao Paulo,-22.884359,-47.129741,1,4,DSP5
G,Sao Paulo,-22.848057,-47.143319,1,4,DSP5
G,Sao Paulo,-22.848058,-47.116161,1,4,DSP5
G,Sao Paulo,-22.891655,-47.116158,1,4,DSP5
G,Sao Paulo,-22.869857,-47.129741,1,4,DSP5
G,Sao Paulo,-23.000613,-47.02099,1,4,DSP5
G,Sao Paulo,-22.957016,-47.021023,1,4,DSP5
G,Sao Paulo,-22.804448,-47.061864,1,4,DSP5
G,Sao Paulo,-22.804457,-47.089014,1,4,DSP5
G,Sao Paulo,-22.826241,-47.048277,1,4,DSP5
G,Sao Paulo,-22.826252,-47.075431,1,4,DSP5
G,Sao Paulo,-22.826258,-47.102585,1,4,DSP5
G,Sao Paulo,-22.848046,-47.061844,1,4,DSP5
G,Sao Paulo,-22.848054,-47.089002,1,4,DSP5
G,Sao Paulo,-22.869838,-47.048252,1,4,DSP5
G,Sao Paulo,-22.869849,-47.075415,1,4,DSP5
G,Sao Paulo,-22.869855,-47.102578,1,4,DSP5
G,Sao Paulo,-22.956996,-46.993843,1,4,DSP5
G,Sao Paulo,-22.935209,-47.007452,1,4,DSP5
G,Sao Paulo,-22.891643,-47.061824,1,4,DSP5
G,Sao Paulo,-22.891651,-47.088991,1,4,DSP5
G,Sao Paulo,-22.978805,-47.007414,1,4,DSP5
G,Sao Paulo,-22.913435,-47.048228,1,4,DSP5
G,Sao Paulo,-22.913446,-47.075399,1,4,DSP5
G,Sao Paulo,-22.913452,-47.102571,1,4,DSP5
G,Sao Paulo,-22.978823,-47.034599,1,4,DSP5
G,Sao Paulo,-22.971534,-47.048195,1,4,DSP5
G,Sao Paulo,-22.971545,-47.075378,1,4,DSP5
G,Sao Paulo,-22.978836,-47.061783,1,4,DSP5
G,Sao Paulo,-22.978845,-47.088968,1,4,DSP5
G,Sao Paulo,-22.971551,-47.102561,1,4,DSP5
G,Sao Paulo,-22.927937,-47.04822,1,4,DSP5
G,Sao Paulo,-22.927948,-47.075394,1,4,DSP5
G,Sao Paulo,-22.935239,-47.061803,1,4,DSP5
G,Sao Paulo,-22.957032,-47.048203,1,4,DSP5
G,Sao Paulo,-22.949741,-47.061797,1,4,DSP5
G,Sao Paulo,-22.957043,-47.075383,1,4,DSP5
G,Sao Paulo,-22.927954,-47.102568,1,4,DSP5
G,Sao Paulo,-22.94975,-47.088975,1,4,DSP5
G,Sao Paulo,-22.797146,-47.048293,1,4,DSP5
G,Sao Paulo,-22.797157,-47.075441,1,4,DSP5
G,Sao Paulo,-22.818937,-47.034704,1,4,DSP5
G,Sao Paulo,-22.818951,-47.061857,1,4,DSP5
G,Sao Paulo,-22.818959,-47.08901,1,4,DSP5
G,Sao Paulo,-23.131411,-47.211396,1,4,DSP5
G,Sao Paulo,-23.109605,-47.224987,1,4,DSP5
G,Sao Paulo,-23.087815,-47.211368,1,4,DSP5
G,Sao Paulo,-23.196752,-47.279509,1,4,DSP5
G,Sao Paulo,-22.935252,-47.116155,1,4,DSP5
G,Sao Paulo,-22.949754,-47.116154,1,4,DSP5
G,Sao Paulo,-22.935248,-47.088979,1,4,DSP5
G,Sao Paulo,-22.957049,-47.102564,1,4,DSP5
G,Sao Paulo,-22.935226,-47.034628,1,4,DSP5
G,Sao Paulo,-22.971498,-46.993829,1,4,DSP5
G,Sao Paulo,-22.971518,-47.021012,1,4,DSP5
G,Sao Paulo,-23.015115,-47.020979,1,4,DSP5
G,Sao Paulo,-22.993307,-47.007401,1,4,DSP5
G,Sao Paulo,-22.993325,-47.034589,1,4,DSP5
G,Sao Paulo,-22.94971,-47.007439,1,4,DSP5
G,Sao Paulo,-22.927922,-47.021045,1,4,DSP5
G,Sao Paulo,-22.949728,-47.034618,1,4,DSP5
G,Sao Paulo,-23.124107,-47.224998,1,4,DSP5
G,Sao Paulo,-23.124122,-47.197784,1,4,DSP5
G,Sao Paulo,-23.10962,-47.197776,1,4,DSP5
G,Sao Paulo,-23.102317,-47.211377,1,4,DSP5
G,Sao Paulo,-23.283913,-47.306855,1,4,DSP5
G,Sao Paulo,-23.276601,-47.320467,1,4,DSP5
G,Sao Paulo,-23.262099,-47.320446,1,4,DSP5
G,Sao Paulo,-23.254786,-47.334055,1,4,DSP5
G,Sao Paulo,-23.276632,-47.293223,1,4,DSP5
G,Sao Paulo,-23.240285,-47.334033,1,4,DSP5
G,Sao Paulo,-23.262131,-47.293204,1,4,DSP5
G,Sao Paulo,-23.25482,-47.306815,1,4,DSP5
G,Sao Paulo,-23.240318,-47.306796,1,4,DSP5
G,Sao Paulo,-23.233006,-47.320404,1,4,DSP5
G,Sao Paulo,-23.218505,-47.320383,1,4,DSP5
G,Sao Paulo,-23.211225,-47.306756,1,4,DSP5
G,Sao Paulo,-23.196723,-47.306737,1,4,DSP5
G,Sao Paulo,-23.189442,-47.293114,1,4,DSP5
G,Sao Paulo,-23.105224,-47.168366,1,4,DSP5
G,Sao Paulo,-23.144881,-47.181128,1,4,DSP5
G,Sao Paulo,-23.278336,-47.255385,1,4,DSP5
G,Sao Paulo,-23.304315,-47.278309,1,4,DSP5
G,Sao Paulo,-22.83834,-46.986471,1,4,DSP5
G,Sao Paulo,-23.055941,-47.208997,1,4,DSP5
G,Sao Paulo,-23.379148,-47.332855,1,4,DSP5
G,Sao Paulo,-22.79922,-47.009728,1,4,DSP5
G,Sao Paulo,-22.919064,-46.969995,1,4,DSP5
G,Sao Paulo,-23.215805,-47.281172,1,4,DSP5
G,Sao Paulo,-23.086433,-47.181797,1,4,DSP5
G,Sao Paulo,-22.893546,-47.148246,1,4,DSP5
G,Sao Paulo,-23.145184,-47.31509,1,4,DSP5
G,Sao Paulo,-22.922834,-47.132975,1,4,DSP5
G,Sao Paulo,-23.003003,-46.990168,1,4,DSP5
G,Sao Paulo,-22.952566,-46.969139,1,4,DSP5
G,Sao Paulo,-22.99685,-47.090561,1,4,DSP5
G,Sao Paulo,-23.066471,-47.172456,1,4,DSP5
G,Sao Paulo,-23.406871,-47.348987,1,4,DSP5
G,Sao Paulo,-23.212486,-47.252322,1,4,DSP5
G,Sao Paulo,-23.06038,-47.219041,1,4,DSP5
G,Sao Paulo,-22.949492,-46.979902,1,4,DSP5
G,Sao Paulo,-22.891702,-46.951298,1,4,DSP5
G,Sao Paulo,-23.302823,-47.305927,1,4,DSP5
G,Sao Paulo,-23.380896,-47.351685,1,4,DSP5
G,Sao Paulo,-23.101465,-47.183602,1,4,DSP5
G,Sao Paulo,-23.159385,-47.177724,1,4,DSP5
G,Sao Paulo,-23.266318,-47.264224,1,4,DSP5
